id,locationId,lockerNumber,size,status,hourlyRate
L1-A01,L1,A01,SMALL,AVAILABLE,5.00
L1-A02,L1,A02,SMALL,AVAILABLE,5.00
L1-A03,L1,A03,MEDIUM,AVAILABLE,7.50
L1-A04,L1,A04,LARGE,AVAILABLE,10.00
L3-A01,L3,A01,LARGE,AVAILABLE,5.00
L3-A02,L3,A02,SMALL,AVAILABLE,2.00
L3-A03,L3,A03,MEDIUM,AVAILABLE,4.00
L3-C01,L3,C01,MEDIUM,AVAILABLE,7.00
L3-C02,L3,C02,LARGE,AVAILABLE,9.50
L2-B03,L2,B03,LARGE,AVAILABLE,11.00
L2-A02,L2,A02,LARGE,OCCUPIED,4.00
L2-B01,L2,B01,SMALL,AVAILABLE,6.00
L2-A03,L2,A03,MEDIUM,OCCUPIED,3.00
L2-B02,L2,B02,MEDIUM,AVAILABLE,8.00
L2-A01,L2,A01,SMALL,AVAILABLE,2.00
